area,bedrooms,city,furnishing,locality_tier,price_lakhs
695,4,Delhi,Unfurnished,1,90.16
2578,4,Mumbai,Semi-Furnished,2,313.13
2250,4,Delhi,Semi-Furnished,3,157.12
1656,1,Chennai,Unfurnished,2,98.89
1640,5,Pune,Unfurnished,2,122.77
2811,3,Delhi,Unfurnished,3,195.37
686,2,Pune,Unfurnished,2,44.44
2367,3,Chennai,Semi-Furnished,3,110.7
1004,5,Bangalore,Unfurnished,2,78.43
708,5,Delhi,Furnished,1,88.56
1897,5,Pune,Unfurnished,2,132.18
3132,3,Chennai,Semi-Furnished,1,249.52
2473,4,Mumbai,Furnished,3,260.2
2543,2,Delhi,Semi-Furnished,2,189.75
2423,4,Hyderabad,Furnished,2,147.29
2611,4,Hyderabad,Unfurnished,2,148.31
1861,2,Pune,Unfurnished,2,133.58
802,2,Chennai,Unfurnished,1,57.62
2759,1,Chennai,Unfurnished,1,192.02
1688,1,Mumbai,Unfurnished,2,227.15
1825,3,Pune,Unfurnished,1,151.35
1469,3,Pune,Furnished,3,93.05
952,1,Delhi,Unfurnished,1,101.77
2998,3,Pune,Furnished,3,166.64
2599,4,Mumbai,Furnished,2,350.5
2220,2,Delhi,Furnished,2,188.42
1556,2,Hyderabad,Unfurnished,1,113.84
2712,2,Delhi,Furnished,2,218.75
1949,3,Hyderabad,Semi-Furnished,3,97.46
1669,2,Bangalore,Furnished,1,159.56
1688,4,Chennai,Semi-Furnished,1,131.13
1074,2,Chennai,Furnished,2,76.04
703,3,Delhi,Semi-Furnished,1,83.32
1975,2,Chennai,Unfurnished,1,135.91
2891,1,Pune,Semi-Furnished,2,177.12
625,4,Mumbai,Unfurnished,2,83.1
2810,2,Hyderabad,Furnished,2,165.26
2725,2,Hyderabad,Unfurnished,3,112.05
1211,4,Bangalore,Unfurnished,3,83.29
2187,5,Hyderabad,Semi-Furnished,1,152.05
904,4,Pune,Semi-Furnished,2,69.79
2534,5,Chennai,Unfurnished,1,187.58
2376,5,Delhi,Furnished,1,291.51
1424,3,Mumbai,Furnished,1,237.72
636,4,Delhi,Furnished,2,74.2
3119,2,Delhi,Semi-Furnished,3,222.06
1675,3,Delhi,Semi-Furnished,3,108.65
2906,3,Mumbai,Semi-Furnished,2,362.28
2314,5,Bangalore,Semi-Furnished,3,165.05
2590,5,Delhi,Unfurnished,1,285.22
2539,3,Bangalore,Unfurnished,3,149.23
985,4,Mumbai,Unfurnished,3,112.13
1450,2,Hyderabad,Semi-Furnished,1,110.91
1733,5,Chennai,Unfurnished,2,100.82
1818,3,Pune,Unfurnished,3,87.9
570,3,Hyderabad,Furnished,2,49.76
1953,4,Bangalore,Semi-Furnished,3,118.91
874,4,Pune,Semi-Furnished,3,64.67
2494,1,Pune,Semi-Furnished,2,154.17
2328,2,Chennai,Furnished,1,158.19
2986,1,Bangalore,Furnished,2,199.15
2498,4,Delhi,Unfurnished,1,225.49
1458,1,Mumbai,Furnished,2,184.83
3110,2,Chennai,Semi-Furnished,2,183.07
1579,3,Bangalore,Furnished,2,123.64
1346,4,Hyderabad,Semi-Furnished,1,112.32
2940,3,Hyderabad,,1,216.1
1468,5,Mumbai,Furnished,3,165.72
659,5,Delhi,Unfurnished,1,74.15
1741,1,Hyderabad,Furnished,1,130.32
2638,5,Mumbai,Unfurnished,3,279.77
971,4,Hyderabad,Unfurnished,1,78.55
1723,4,Delhi,Semi-Furnished,2,168.67
807,1,Chennai,Furnished,1,64.17
2337,4,Chennai,Semi-Furnished,1,203.48
1758,4,Chennai,Unfurnished,2,105.97
1358,3,Pune,Unfurnished,2,96.11
1074,1,Chennai,Furnished,1,78.8
2002,3,Hyderabad,Furnished,1,141.28
2291,5,Delhi,Unfurnished,1,275.28
3035,4,Chennai,Semi-Furnished,2,185.02
1652,1,Chennai,Unfurnished,3,81.42
891,5,Mumbai,Unfurnished,1,153.3
2739,5,Chennai,Furnished,1,216.86
2181,1,Mumbai,Semi-Furnished,2,291.25
2375,5,Hyderabad,Unfurnished,2,139.0
717,3,Delhi,Semi-Furnished,1,78.59
1309,3,Bangalore,Semi-Furnished,1,119.7
2561,3,Hyderabad,Unfurnished,2,148.42
2738,4,Pune,Semi-Furnished,2,186.61
1646,5,Bangalore,Unfurnished,2,117.26
2663,4,Delhi,Unfurnished,1,274.49
2764,5,Mumbai,Furnished,3,281.66
1515,5,Hyderabad,Furnished,2,102.97
2919,1,Delhi,Unfurnished,2,222.81
1242,2,Pune,Furnished,1,105.03
1108,4,Bangalore,,3,74.85
2326,3,Chennai,Furnished,3,129.43
2201,1,Pune,Furnished,1,186.2
834,1,Hyderabad,Semi-Furnished,3,41.83
2740,3,Chennai,Semi-Furnished,3,134.02
999,4,Mumbai,Semi-Furnished,1,169.26
2663,1,Chennai,Furnished,3,125.34
470,1,Delhi,Unfurnished,1,48.12
2641,1,Pune,Unfurnished,1,190.2
2614,3,Chennai,Unfurnished,1,186.11
2596,1,Bangalore,,2,167.46
2278,3,Bangalore,Unfurnished,2,167.01
1746,3,Mumbai,Unfurnished,2,229.65
2389,3,Delhi,Furnished,1,239.2
1212,4,Pune,Unfurnished,1,105.06
2597,3,Mumbai,Furnished,3,265.26
1978,4,Chennai,Unfurnished,3,104.72
1712,4,Delhi,Furnished,3,135.2
1840,5,Delhi,Unfurnished,1,188.12
2014,4,Bangalore,Semi-Furnished,3,117.9
552,3,Chennai,Unfurnished,3,35.29
834,3,Pune,Semi-Furnished,2,68.52
1125,2,Mumbai,Semi-Furnished,1,155.87
764,3,Mumbai,Semi-Furnished,3,89.67
1658,1,Hyderabad,Semi-Furnished,2,100.41
2288,5,Bangalore,Semi-Furnished,1,214.0
2249,5,Pune,Furnished,1,201.62
1745,1,Delhi,Semi-Furnished,2,144.24
2801,4,Delhi,Semi-Furnished,1,302.92
2004,1,Bangalore,Unfurnished,1,156.93
667,4,Chennai,Semi-Furnished,2,47.57
2553,1,Hyderabad,Unfurnished,3,115.91
2030,3,Chennai,Unfurnished,1,143.58
2195,4,Mumbai,Furnished,2,278.57
2004,4,Mumbai,Unfurnished,3,189.22
1972,3,Chennai,Semi-Furnished,3,94.15
699,5,Mumbai,Furnished,3,92.63
1987,4,Chennai,Furnished,1,154.99
2636,2,Pune,Unfurnished,3,136.56
1285,4,Delhi,Unfurnished,3,100.96
2107,4,Pune,Semi-Furnished,1,179.41
534,2,Bangalore,Semi-Furnished,2,47.99
1405,4,Chennai,Furnished,2,111.31
1650,5,Mumbai,Unfurnished,2,201.7
3152,5,Pune,Unfurnished,1,253.06
1040,4,Hyderabad,Unfurnished,3,61.16
1210,4,Hyderabad,Furnished,3,78.9
1573,2,Pune,Unfurnished,2,92.73
3179,4,Bangalore,Semi-Furnished,3,187.36
2796,2,Delhi,Unfurnished,2,255.53
545,3,Delhi,Unfurnished,3,47.66
1093,2,Chennai,Furnished,2,78.11
2709,2,Chennai,Unfurnished,2,156.63
610,1,Pune,Unfurnished,1,48.12
2803,5,Hyderabad,Furnished,2,175.23
1223,1,Mumbai,Semi-Furnished,1,188.06
2973,1,Mumbai,Unfurnished,1,448.3
1257,5,Delhi,Semi-Furnished,1,151.05
1644,3,Bangalore,Furnished,3,104.5
2270,3,Mumbai,Semi-Furnished,1,366.33
797,4,Mumbai,Semi-Furnished,3,111.04
1981,2,Hyderabad,Semi-Furnished,3,83.45
1838,1,Hyderabad,Semi-Furnished,1,129.44
2605,4,Mumbai,Unfurnished,2,311.7
3189,1,Hyderabad,Furnished,2,184.51
2276,3,Hyderabad,Furnished,2,138.24
1575,5,Mumbai,Unfurnished,3,176.41
1567,5,Bangalore,Furnished,2,142.44
1599,2,Pune,Furnished,2,113.23
2688,4,Hyderabad,Furnished,2,173.83
1333,4,Bangalore,Semi-Furnished,3,77.78
909,3,Mumbai,Semi-Furnished,2,135.37
1369,1,Delhi,Furnished,2,127.57
512,2,Pune,Unfurnished,3,33.62
741,4,Delhi,Furnished,3,66.37
697,5,Mumbai,Furnished,3,88.76
2571,1,Mumbai,Furnished,3,261.59
2436,4,Mumbai,Semi-Furnished,2,310.0
2366,5,Delhi,Semi-Furnished,3,179.71
1720,5,Delhi,Unfurnished,1,206.41
2421,3,Delhi,Furnished,1,239.3
893,1,Chennai,Semi-Furnished,2,60.87
2926,2,Pune,Unfurnished,3,147.52
1827,5,Pune,Furnished,2,134.46
3029,5,Delhi,Semi-Furnished,2,246.06
868,4,Bangalore,Semi-Furnished,2,79.35
1817,1,Mumbai,Unfurnished,1,236.07
2364,1,Delhi,Furnished,2,214.38
1812,3,Mumbai,Semi-Furnished,2,211.18
1676,3,Bangalore,Furnished,2,133.9
907,1,Pune,Furnished,2,66.44
1497,4,Bangalore,Unfurnished,1,151.16
1106,3,Delhi,Unfurnished,3,82.16
1279,1,Delhi,Furnished,2,112.49
2330,1,Bangalore,Semi-Furnished,1,199.3
2183,3,Pune,Semi-Furnished,2,156.59
2119,4,Delhi,Unfurnished,2,193.8
1444,5,Chennai,Semi-Furnished,1,119.74
3089,3,Bangalore,Furnished,1,278.06
691,2,Pune,Unfurnished,1,53.29
1392,5,Pune,Semi-Furnished,2,107.47
774,3,Pune,Furnished,3,50.67
1382,2,Hyderabad,Unfurnished,3,67.4
3095,3,Bangalore,Unfurnished,2,222.67
1457,1,Delhi,Furnished,3,123.56
2948,2,Bangalore,,1,240.58
1811,3,Bangalore,Semi-Furnished,3,112.32
2374,5,Bangalore,Semi-Furnished,2,202.67
1707,4,Bangalore,Furnished,3,124.14
1181,4,Hyderabad,Unfurnished,3,60.49
2551,3,Mumbai,Semi-Furnished,2,324.93
3115,1,Delhi,Unfurnished,1,322.83
1174,2,Hyderabad,,2,78.35
2591,5,Bangalore,Semi-Furnished,3,155.64
1168,1,Hyderabad,Semi-Furnished,3,55.79
2421,5,Pune,Semi-Furnished,3,124.5
2619,4,Bangalore,Unfurnished,1,238.53
1685,2,Chennai,Furnished,2,113.34
2476,4,Pune,Semi-Furnished,1,200.92
1198,5,Chennai,Unfurnished,3,64.27
667,1,Pune,Semi-Furnished,3,41.86
715,1,Mumbai,Furnished,1,122.37
1679,4,Delhi,Furnished,2,153.68
2932,5,Mumbai,Semi-Furnished,3,297.87
800,1,Delhi,Unfurnished,3,50.94
1703,4,Delhi,Semi-Furnished,2,147.95
2386,1,Pune,Semi-Furnished,1,180.43
1006,4,Chennai,Semi-Furnished,3,67.72
2434,4,Bangalore,Unfurnished,3,140.79
1291,1,Chennai,Semi-Furnished,2,82.86
2673,4,Chennai,Semi-Furnished,3,133.3
2042,5,Delhi,Furnished,1,239.31
1953,5,Bangalore,Semi-Furnished,2,152.99
936,1,Chennai,Semi-Furnished,1,76.85
1723,2,Mumbai,Semi-Furnished,3,170.75
2805,2,Bangalore,Unfurnished,3,144.53
503,3,Bangalore,Unfurnished,3,34.72
2535,1,Pune,Furnished,2,159.35
1805,5,Bangalore,Furnished,1,166.44
2428,4,Hyderabad,Furnished,1,185.27
2274,5,Mumbai,Semi-Furnished,2,286.15
1638,1,Pune,Unfurnished,3,93.82
1298,1,Bangalore,Furnished,1,110.02
2175,5,Delhi,Semi-Furnished,3,166.19
835,2,Chennai,Unfurnished,1,61.02
2056,4,Pune,Furnished,2,142.03
710,5,Delhi,Furnished,1,100.12
2237,1,Mumbai,Furnished,2,241.74
2179,1,Hyderabad,Unfurnished,2,118.47
682,1,Hyderabad,Furnished,1,63.32
2533,1,Delhi,Semi-Furnished,2,209.35
1593,1,Delhi,Semi-Furnished,3,113.75
2613,5,Chennai,Furnished,3,152.39
564,4,Hyderabad,Semi-Furnished,1,54.12
943,5,Bangalore,Unfurnished,3,66.4
1808,5,Hyderabad,Unfurnished,3,80.05
967,5,Hyderabad,Semi-Furnished,3,64.1
1357,2,Bangalore,Furnished,2,107.54
2266,2,Pune,Furnished,3,117.19
847,5,Hyderabad,Semi-Furnished,2,66.04
2313,2,Delhi,Furnished,1,244.22
734,1,Mumbai,Furnished,1,118.71
931,4,Bangalore,Semi-Furnished,3,71.14
2066,5,Pune,Semi-Furnished,1,162.28
2632,5,Chennai,Furnished,2,184.82
919,5,Bangalore,Semi-Furnished,3,65.5
1274,1,Hyderabad,Unfurnished,1,82.88
2994,4,Hyderabad,Furnished,2,199.3
3171,5,Delhi,Semi-Furnished,1,369.97
2047,4,Hyderabad,Semi-Furnished,2,125.17
1679,5,Pune,Furnished,1,143.82
1403,5,Mumbai,Furnished,3,156.07
2134,3,Chennai,,1,160.58
2075,1,Hyderabad,Semi-Furnished,3,94.03
1260,3,Delhi,Unfurnished,3,92.65
512,2,Chennai,Semi-Furnished,3,33.87
866,1,Mumbai,Semi-Furnished,3,89.47
3086,1,Bangalore,Semi-Furnished,1,246.47
1599,4,Delhi,Furnished,3,123.93
1776,3,Bangalore,Semi-Furnished,2,142.69
1734,3,Mumbai,Semi-Furnished,3,166.11
2602,4,Mumbai,Semi-Furnished,3,264.75
628,3,Bangalore,Unfurnished,2,50.59
677,4,Mumbai,Unfurnished,2,95.88
1208,1,Hyderabad,Furnished,1,88.9
1788,5,Hyderabad,Unfurnished,1,145.57
2295,3,Bangalore,Unfurnished,2,171.62
1799,1,Hyderabad,Furnished,3,80.46
1663,5,Mumbai,Unfurnished,2,225.8
3029,4,Delhi,Semi-Furnished,2,254.0
892,1,Hyderabad,Furnished,1,68.04
2022,1,Hyderabad,,2,114.76
1941,1,Hyderabad,Unfurnished,2,101.35
1752,2,Pune,Unfurnished,3,95.98
2670,1,Bangalore,Furnished,3,150.42
1184,4,Mumbai,Unfurnished,2,150.28
3072,3,Hyderabad,Furnished,3,141.49
1361,5,Bangalore,Unfurnished,2,106.31
1948,4,Mumbai,Unfurnished,3,214.26
1881,4,Mumbai,Furnished,2,258.1
2786,3,Pune,Furnished,1,251.89
1657,1,Chennai,Furnished,2,119.62
1232,1,Mumbai,Furnished,1,185.1
509,4,Delhi,Unfurnished,1,66.45
1450,1,Pune,Furnished,3,76.31
2722,1,Bangalore,Furnished,3,153.08
477,2,Bangalore,Unfurnished,1,45.75
2914,5,Bangalore,Unfurnished,3,164.86
1942,3,Pune,Furnished,1,154.73
835,4,Bangalore,Unfurnished,1,84.24
1280,3,Delhi,Furnished,3,95.91
1973,1,Mumbai,,1,314.58
1318,2,Delhi,Unfurnished,3,88.31
748,1,Chennai,Unfurnished,3,43.25
2281,4,Mumbai,,1,346.5
2298,1,Bangalore,Furnished,1,208.73
776,2,Chennai,Furnished,3,46.82
1223,5,Bangalore,Furnished,2,120.89
1120,3,Bangalore,Furnished,2,102.09
2263,3,Delhi,Unfurnished,2,199.56
2458,3,Mumbai,Furnished,2,289.05
2449,4,Hyderabad,,3,121.39
3031,2,Mumbai,Semi-Furnished,2,349.51
2563,4,Mumbai,Furnished,1,443.2
1331,5,Delhi,Furnished,2,142.23
746,3,Chennai,Furnished,3,53.22
2140,3,Bangalore,Semi-Furnished,1,167.69
2969,1,Hyderabad,Semi-Furnished,2,152.34
3131,2,Pune,Furnished,3,173.15
1083,5,Hyderabad,Unfurnished,2,79.19
1100,3,Bangalore,Unfurnished,1,110.92
552,2,Hyderabad,Semi-Furnished,1,42.4
838,3,Hyderabad,Unfurnished,2,55.05
1975,3,Delhi,Unfurnished,2,182.96
1953,3,Hyderabad,Furnished,3,90.72
1470,4,Hyderabad,Furnished,2,99.39
1302,2,Delhi,Semi-Furnished,3,98.0
2731,4,Bangalore,Semi-Furnished,1,245.62
1715,3,Chennai,Semi-Furnished,2,98.26
2672,5,Hyderabad,Furnished,1,196.27
3098,1,Hyderabad,Semi-Furnished,2,165.29
1322,1,Hyderabad,Unfurnished,1,88.64
1007,3,Chennai,Semi-Furnished,2,68.5
3070,3,Pune,Semi-Furnished,2,193.42
2195,4,Mumbai,Furnished,1,351.41
1250,3,Bangalore,Furnished,1,129.09
2160,5,Hyderabad,Furnished,2,136.28
1866,3,Pune,Semi-Furnished,3,101.51
2940,1,Bangalore,Semi-Furnished,1,258.83
1153,1,Pune,Semi-Furnished,2,67.84
3176,5,Chennai,Unfurnished,1,246.68
3024,1,Delhi,Furnished,3,210.87
946,5,Mumbai,Furnished,2,140.35
902,2,Hyderabad,Furnished,3,56.61
1916,1,Bangalore,Unfurnished,1,146.87
573,2,Delhi,Unfurnished,1,57.95
1271,4,Pune,Furnished,2,100.89
1646,3,Pune,Semi-Furnished,2,113.21
3115,4,Mumbai,Furnished,3,325.33
3179,4,Hyderabad,Semi-Furnished,3,146.08
866,3,Delhi,Semi-Furnished,3,74.15
2902,4,Chennai,Semi-Furnished,2,190.61
700,5,Delhi,Furnished,2,86.34
2508,3,Delhi,Semi-Furnished,2,216.71
2775,1,Bangalore,Furnished,1,216.97
2899,3,Bangalore,Unfurnished,2,217.22
1064,5,Bangalore,Semi-Furnished,2,100.73
2906,2,Delhi,Furnished,1,326.0
768,5,Pune,Furnished,1,79.66
1876,3,Mumbai,Furnished,2,254.51
1741,4,Delhi,Unfurnished,2,164.86
1318,2,Pune,,3,86.68
510,5,Delhi,Furnished,2,64.73
2573,1,Delhi,Furnished,3,178.83
1372,2,Hyderabad,Unfurnished,2,81.86
2269,3,Mumbai,Furnished,1,361.09
1578,3,Chennai,Furnished,1,121.25
1477,3,Chennai,Furnished,3,87.8
2887,1,Hyderabad,Unfurnished,2,158.96
709,2,Bangalore,Furnished,1,76.67
2475,1,Pune,Unfurnished,2,154.0
2503,3,Chennai,Semi-Furnished,3,124.67
1494,2,Hyderabad,Semi-Furnished,2,96.55
1171,3,Pune,Semi-Furnished,1,96.8
464,3,Bangalore,Furnished,1,56.86
3026,4,Bangalore,Unfurnished,3,178.73
3056,3,Pune,Semi-Furnished,3,169.69
1112,4,Mumbai,Semi-Furnished,3,113.54
537,3,Pune,Semi-Furnished,3,37.11
787,4,Bangalore,Unfurnished,1,71.0
636,4,Chennai,Unfurnished,1,58.63
2735,2,Hyderabad,Unfurnished,1,172.38
2902,2,Delhi,Semi-Furnished,1,301.34
871,4,Hyderabad,Semi-Furnished,3,56.39
2503,2,Chennai,Semi-Furnished,3,118.39
942,3,Mumbai,Semi-Furnished,1,157.96
1459,1,Mumbai,Unfurnished,3,140.99
2098,3,Hyderabad,Unfurnished,2,124.42
2429,3,Chennai,Semi-Furnished,1,189.79
2855,4,Hyderabad,Furnished,3,135.88
573,3,Pune,Unfurnished,3,37.62
990,2,Chennai,Furnished,2,75.91
1221,5,Delhi,Semi-Furnished,3,104.0
1303,3,Chennai,Unfurnished,2,76.47
3194,5,Bangalore,Semi-Furnished,3,202.93
2587,4,Chennai,,2,148.53
1331,3,Chennai,Unfurnished,3,76.07
3122,5,Bangalore,Semi-Furnished,1,304.5
1823,1,Hyderabad,Semi-Furnished,1,128.19
1827,5,Delhi,Furnished,3,147.73
1642,5,Hyderabad,Unfurnished,1,122.67
845,3,Pune,Furnished,1,86.25
3019,4,Bangalore,Unfurnished,3,174.27
488,3,Hyderabad,Unfurnished,1,42.82
929,2,Chennai,Furnished,2,71.58
1081,4,Hyderabad,Furnished,1,90.12
1218,2,Chennai,Semi-Furnished,1,92.7
812,2,Chennai,Unfurnished,3,40.27
499,3,Hyderabad,Unfurnished,1,40.19
2313,5,Bangalore,Semi-Furnished,1,194.18
3115,2,Chennai,Semi-Furnished,3,157.14
785,3,Pune,Furnished,3,63.39
1265,1,Hyderabad,Unfurnished,1,93.06
1842,1,Delhi,Unfurnished,3,112.2
3000,1,Bangalore,Furnished,2,225.92
2359,1,Hyderabad,Unfurnished,3,110.31
2557,5,Delhi,Unfurnished,1,271.93
2048,5,Hyderabad,Semi-Furnished,3,107.35
1596,5,Pune,Semi-Furnished,2,103.13
999,1,Delhi,Semi-Furnished,3,74.2
2826,1,Pune,Furnished,2,170.44
2661,2,Pune,Furnished,3,145.45
519,3,Mumbai,Unfurnished,2,65.96
2417,2,Hyderabad,Furnished,1,178.74
682,3,Pune,Semi-Furnished,3,50.14
2482,1,Delhi,Unfurnished,3,158.5
2721,4,Hyderabad,Furnished,1,186.23
810,2,Delhi,Unfurnished,2,63.92
1643,1,Mumbai,Semi-Furnished,2,201.39
790,4,Pune,Furnished,2,67.94
2010,5,Hyderabad,Unfurnished,3,91.71
3000,1,Pune,Unfurnished,3,151.51
672,3,Bangalore,Semi-Furnished,1,69.69
1543,5,Bangalore,Furnished,3,103.31
3126,4,Chennai,Unfurnished,2,182.77
1277,5,Hyderabad,Semi-Furnished,3,79.42
813,3,Mumbai,Semi-Furnished,3,95.9
1793,2,Pune,Unfurnished,2,113.69
1848,4,Hyderabad,Furnished,2,123.52
2272,1,Bangalore,Furnished,2,155.36
1312,2,Mumbai,Semi-Furnished,3,137.22
3077,4,Pune,Unfurnished,2,200.38
1882,4,Delhi,Unfurnished,1,201.07
1237,1,Delhi,Semi-Furnished,2,111.78
3090,3,Bangalore,Semi-Furnished,1,264.17
2993,2,Hyderabad,Semi-Furnished,2,171.73
1822,3,Hyderabad,Unfurnished,1,133.2
518,5,Pune,Semi-Furnished,1,49.79
2091,1,Hyderabad,Unfurnished,3,96.95
1976,5,Bangalore,Furnished,1,158.9
857,3,Delhi,Furnished,2,86.46
2193,4,Delhi,Semi-Furnished,3,171.82
2762,3,Delhi,Unfurnished,3,188.04
741,2,Bangalore,Furnished,2,60.55
2439,4,Pune,Unfurnished,1,184.0
835,4,Pune,Furnished,3,66.97
2509,1,Bangalore,Unfurnished,3,123.85
1602,4,Pune,Semi-Furnished,2,121.85
467,4,Pune,Unfurnished,1,48.86
3107,2,Mumbai,Unfurnished,1,439.21
906,5,Chennai,,1,86.77
2089,4,Chennai,Furnished,1,158.9
949,2,Pune,Unfurnished,3,55.28
3015,1,Chennai,Furnished,1,233.37
2480,4,Chennai,Unfurnished,1,168.25
2661,2,Pune,Unfurnished,3,131.47
1638,4,Bangalore,Unfurnished,3,97.77
1735,3,Chennai,Semi-Furnished,1,146.5
2194,3,Chennai,Unfurnished,2,122.56
2608,1,Delhi,Semi-Furnished,2,242.66
2779,4,Hyderabad,Unfurnished,2,158.19
499,1,Mumbai,Unfurnished,3,47.82
2274,3,Delhi,Semi-Furnished,3,157.02
750,5,Pune,Furnished,3,59.49
1241,5,Delhi,Furnished,1,141.95
2730,5,Hyderabad,Semi-Furnished,1,200.08
1138,5,Hyderabad,Unfurnished,2,71.03
2641,3,Chennai,Furnished,1,177.63
1723,2,Mumbai,Furnished,2,217.69
1089,5,Pune,Furnished,1,96.47
1369,5,Mumbai,Furnished,3,150.8
1909,5,Mumbai,Furnished,1,295.79
2554,4,Delhi,Furnished,1,269.9
2116,1,Hyderabad,Semi-Furnished,1,162.45
3016,3,Chennai,,1,226.38
2836,3,Delhi,Unfurnished,2,246.63
2521,5,Pune,Unfurnished,2,150.77
2108,2,Mumbai,Furnished,3,209.8
1247,2,Hyderabad,Furnished,1,98.31
1584,1,Chennai,Furnished,2,94.98
776,5,Mumbai,Unfurnished,2,116.65
1479,4,Hyderabad,Semi-Furnished,2,88.06
2997,1,Mumbai,Unfurnished,3,286.21
1621,3,Delhi,Furnished,1,179.12
762,3,Bangalore,Unfurnished,2,62.93
2242,3,Bangalore,Unfurnished,3,127.37
3097,5,Chennai,Semi-Furnished,3,157.64
2835,1,Bangalore,Furnished,2,202.37
1203,2,Delhi,Furnished,2,109.59
1698,1,Delhi,Unfurnished,3,118.23
1910,2,Delhi,Unfurnished,2,165.96
1131,5,Delhi,Unfurnished,3,91.21
1188,5,Bangalore,Unfurnished,1,115.42
1100,1,Bangalore,Semi-Furnished,2,86.23
3185,4,Mumbai,Unfurnished,1,484.79
2501,2,Mumbai,Unfurnished,1,375.12
2762,1,Delhi,Semi-Furnished,2,235.45
2695,2,Chennai,Unfurnished,1,215.57
3087,1,Pune,Unfurnished,2,173.54
739,3,Delhi,Unfurnished,2,74.38
2874,5,Pune,Unfurnished,2,168.36
633,3,Mumbai,Semi-Furnished,3,76.25
1757,4,Mumbai,Furnished,3,209.79
2084,3,Pune,Furnished,2,148.78
1434,1,Hyderabad,Unfurnished,1,97.7
851,1,Chennai,Unfurnished,3,40.23
978,2,Pune,Semi-Furnished,1,84.51
2717,2,Chennai,Semi-Furnished,2,160.68
1326,5,Pune,Furnished,2,101.06
1303,5,Chennai,Furnished,1,115.66
2989,5,Delhi,Semi-Furnished,2,269.77
845,4,Pune,Unfurnished,1,73.81
2966,3,Mumbai,Unfurnished,1,433.37
2982,4,Hyderabad,Unfurnished,2,155.27
2096,3,Chennai,Unfurnished,1,160.91
905,4,Delhi,Furnished,3,85.06
878,4,Chennai,Unfurnished,1,76.51
1232,4,Delhi,Furnished,2,131.21
2037,4,Delhi,Semi-Furnished,3,152.43
872,1,Chennai,Semi-Furnished,1,70.15
1703,4,Pune,Semi-Furnished,3,101.56
767,2,Hyderabad,Furnished,3,47.64
1935,4,Hyderabad,Unfurnished,3,91.49
508,3,Bangalore,Unfurnished,1,60.81
2399,5,Mumbai,Semi-Furnished,3,244.98
602,2,Chennai,Semi-Furnished,3,36.45
985,5,Mumbai,Semi-Furnished,3,119.08
930,5,Hyderabad,Furnished,1,88.26
2735,2,Bangalore,Semi-Furnished,3,146.32
596,3,Delhi,Unfurnished,1,76.41
1630,3,Delhi,Unfurnished,2,143.35
2075,4,Mumbai,Furnished,2,253.87
1868,4,Chennai,Unfurnished,2,127.07
2321,5,Chennai,Semi-Furnished,2,157.16
2658,2,Delhi,Semi-Furnished,1,261.94
1532,3,Delhi,Furnished,2,160.6
2727,3,Pune,Furnished,3,156.34
1324,5,Mumbai,Semi-Furnished,2,180.27
3157,2,Pune,Unfurnished,1,267.03
1837,3,Bangalore,Semi-Furnished,3,115.53
2474,1,Mumbai,Semi-Furnished,1,377.96
2856,5,Pune,Unfurnished,2,181.38
2629,2,Pune,Semi-Furnished,2,174.63
2790,2,Pune,Unfurnished,2,179.39
1925,3,Mumbai,Semi-Furnished,3,199.48
569,3,Mumbai,Furnished,2,83.62
1805,5,Hyderabad,Furnished,3,102.38
949,3,Pune,Unfurnished,1,81.33
2895,3,Pune,Furnished,3,145.78
1101,1,Delhi,Unfurnished,2,85.5
1077,1,Pune,Semi-Furnished,1,91.27
1135,2,Mumbai,Unfurnished,1,149.58
2217,5,Hyderabad,Unfurnished,3,111.08
2020,5,Bangalore,Unfurnished,2,150.42
3059,4,Mumbai,Unfurnished,2,410.99
1594,4,Mumbai,Furnished,1,254.34
1226,2,Mumbai,Unfurnished,2,160.22
585,1,Mumbai,Semi-Furnished,3,62.14
469,1,Chennai,Furnished,1,45.64
1477,2,Hyderabad,Furnished,2,96.91
2995,2,Bangalore,Furnished,2,213.56
1890,1,Hyderabad,Unfurnished,3,87.03
2907,2,Bangalore,Furnished,1,247.41
729,1,Chennai,Semi-Furnished,2,49.18
706,4,Hyderabad,Unfurnished,3,45.77
2742,5,Mumbai,Semi-Furnished,1,449.94
743,4,Hyderabad,,3,60.11
592,3,Delhi,Semi-Furnished,3,50.89
1561,3,Chennai,Unfurnished,3,73.78
2993,2,Bangalore,Furnished,2,206.43
2345,1,Bangalore,Furnished,3,145.62
722,3,Hyderabad,Furnished,3,51.02
2752,3,Mumbai,Furnished,3,285.43
2769,1,Chennai,Furnished,2,156.27
2651,3,Pune,Semi-Furnished,2,181.55
2932,2,Delhi,Unfurnished,2,229.24
1109,1,Mumbai,Semi-Furnished,1,185.94
3143,4,Bangalore,Unfurnished,3,216.69
1331,3,Mumbai,Semi-Furnished,3,145.4
2655,4,Bangalore,Semi-Furnished,2,205.49
2043,4,Delhi,Furnished,1,225.53
2593,5,Bangalore,Unfurnished,2,172.77
2176,5,Mumbai,Unfurnished,2,268.54
2216,4,Pune,Furnished,2,145.73
2867,5,Mumbai,Furnished,2,374.37
1670,3,Chennai,Semi-Furnished,2,107.19
1495,5,Bangalore,Furnished,3,106.47
2013,4,Bangalore,Furnished,3,129.8
2734,4,Delhi,Semi-Furnished,1,293.47
2947,2,Chennai,Semi-Furnished,2,173.67
1274,3,Hyderabad,Unfurnished,1,96.98
1149,2,Chennai,Semi-Furnished,1,88.17
1908,4,Pune,Unfurnished,3,104.6
2069,1,Pune,Furnished,1,167.85
1143,5,Hyderabad,Unfurnished,1,90.16
1437,5,Mumbai,Unfurnished,1,227.47
2999,2,Pune,Semi-Furnished,3,156.62
2530,3,Chennai,Unfurnished,1,192.7
2799,4,Chennai,Unfurnished,2,174.45
1943,1,Hyderabad,Semi-Furnished,1,133.81
1489,5,Mumbai,Semi-Furnished,1,242.64
1005,3,Bangalore,Unfurnished,3,66.01
2300,2,Pune,Unfurnished,1,173.57
1869,4,Mumbai,Furnished,3,198.99
1592,4,Bangalore,Semi-Furnished,1,157.76
1115,5,Delhi,Semi-Furnished,1,136.92
1844,2,Bangalore,Furnished,3,116.66
586,2,Pune,Unfurnished,1,50.75
605,5,Mumbai,Semi-Furnished,3,78.96
760,4,Mumbai,Furnished,1,134.67
2812,2,Mumbai,Unfurnished,2,348.35
1392,4,Mumbai,Furnished,2,191.93
782,3,Bangalore,Furnished,1,86.85
492,5,Mumbai,Furnished,3,70.14
3047,1,Delhi,Semi-Furnished,3,212.66
2574,2,Delhi,Furnished,2,230.93
874,3,Mumbai,Furnished,1,155.3
2660,2,Hyderabad,Unfurnished,1,177.87
2032,2,Mumbai,Unfurnished,1,298.25
506,1,Mumbai,Unfurnished,1,77.33
794,5,Bangalore,Unfurnished,2,70.22
1896,3,Delhi,Semi-Furnished,1,217.21
2382,2,Delhi,Unfurnished,3,160.8
1637,3,Delhi,Semi-Furnished,3,120.75
861,2,Delhi,Furnished,1,106.32
1553,2,Hyderabad,Unfurnished,3,72.88
2804,3,Chennai,Semi-Furnished,3,142.83
647,5,Bangalore,Unfurnished,1,71.82
2212,5,Chennai,Semi-Furnished,2,150.8
3035,2,Hyderabad,Semi-Furnished,2,170.17
2163,1,Delhi,Semi-Furnished,1,225.32
1266,5,Bangalore,Semi-Furnished,1,130.16
1090,1,Hyderabad,Semi-Furnished,2,62.37
3013,5,Mumbai,Semi-Furnished,2,373.53
2270,1,Delhi,Unfurnished,1,232.95
1559,3,Bangalore,Furnished,1,148.41
739,3,Bangalore,Furnished,3,59.11
1026,1,Delhi,Unfurnished,2,86.49
1699,1,Pune,Semi-Furnished,3,88.21
1140,3,Hyderabad,Semi-Furnished,1,87.05
1154,3,Pune,Semi-Furnished,1,103.31
1130,4,Bangalore,Unfurnished,1,107.86
976,2,Chennai,Furnished,3,59.09
2663,5,Pune,Furnished,1,222.1
1786,2,Chennai,Unfurnished,1,130.45
2730,5,Pune,Unfurnished,1,216.49
2278,3,Chennai,Semi-Furnished,2,148.05
2673,3,Pune,Unfurnished,3,138.04
2278,2,Chennai,Furnished,3,119.99
1182,4,Hyderabad,Semi-Furnished,3,66.68
1221,1,Hyderabad,Semi-Furnished,1,84.6
1263,2,Mumbai,Furnished,2,165.83
1037,5,Hyderabad,Unfurnished,3,59.81
1928,4,Pune,Unfurnished,1,154.7
3066,3,Delhi,Unfurnished,1,325.47
2407,4,Hyderabad,Semi-Furnished,2,147.79
2635,2,Delhi,Furnished,1,287.2
2393,3,Bangalore,Furnished,2,186.03
1437,5,Mumbai,Unfurnished,1,239.11
2766,2,Pune,Unfurnished,1,206.2
1191,2,Pune,Furnished,2,90.8
2553,1,Mumbai,Unfurnished,3,242.1
562,5,Pune,Furnished,3,55.45
1864,3,Pune,Semi-Furnished,1,155.0
2277,1,Mumbai,Unfurnished,3,224.83
2354,2,Hyderabad,Semi-Furnished,3,113.77
732,1,Chennai,Unfurnished,2,45.44
2551,5,Pune,Unfurnished,1,202.2
557,4,Hyderabad,Unfurnished,2,41.43
979,1,Chennai,Semi-Furnished,1,74.24
645,5,Mumbai,Semi-Furnished,3,85.13
3139,1,Bangalore,Semi-Furnished,3,179.46
1838,4,Bangalore,Semi-Furnished,3,120.15
1930,2,Mumbai,Semi-Furnished,3,198.02
1730,4,Hyderabad,Semi-Furnished,2,110.61
2197,3,Bangalore,Semi-Furnished,1,197.12
1038,5,Delhi,Unfurnished,1,119.36
2295,2,Bangalore,Furnished,2,169.76
1612,4,Hyderabad,Furnished,2,108.56
2397,4,Delhi,Unfurnished,3,167.78
1980,2,Delhi,Furnished,3,139.06
690,2,Mumbai,Furnished,2,97.72
1692,4,Mumbai,Semi-Furnished,2,224.06
659,1,Hyderabad,Furnished,2,47.16
2450,2,Bangalore,Furnished,2,181.34
1273,1,Bangalore,Furnished,3,80.91
3194,1,Chennai,Furnished,2,183.28
814,5,Hyderabad,Unfurnished,2,59.77
1966,4,Chennai,Unfurnished,2,128.72
2504,1,Bangalore,Unfurnished,1,214.05
1767,1,Mumbai,Semi-Furnished,2,226.53
1749,4,Mumbai,Furnished,2,226.91
2454,4,Hyderabad,Furnished,3,123.92
950,3,Mumbai,Semi-Furnished,2,127.11
2562,2,Delhi,Semi-Furnished,1,273.1
1558,2,Pune,Furnished,3,87.38
560,4,Delhi,Furnished,2,70.43
991,5,Chennai,Semi-Furnished,3,65.34
1709,4,Delhi,Semi-Furnished,3,124.2
2507,4,Bangalore,Semi-Furnished,1,233.53
2402,5,Pune,Semi-Furnished,2,165.69
1552,5,Bangalore,Semi-Furnished,1,149.13
1932,2,Mumbai,Furnished,2,246.66
2793,2,Bangalore,Semi-Furnished,3,165.2
2981,4,Chennai,Unfurnished,2,183.06
2401,4,Mumbai,Furnished,3,254.72
2055,3,Mumbai,Semi-Furnished,2,257.15
1727,3,Bangalore,Semi-Furnished,1,161.96
1869,4,Pune,Unfurnished,3,106.23
2029,4,Bangalore,Unfurnished,2,158.41
2991,1,Chennai,Unfurnished,2,173.0
3196,4,Delhi,Furnished,2,289.54
2886,2,Mumbai,Unfurnished,3,289.43
2430,2,Hyderabad,Unfurnished,2,132.64
517,1,Pune,Furnished,2,41.98
1618,4,Chennai,Furnished,3,94.36
2551,3,Delhi,Furnished,2,227.62
1536,5,Mumbai,Unfurnished,3,165.5
2257,1,Hyderabad,Semi-Furnished,2,124.62
2791,1,Pune,Semi-Furnished,3,139.01
1762,4,Hyderabad,Furnished,2,112.96
2181,5,Chennai,Unfurnished,3,114.16
2138,4,Hyderabad,Unfurnished,2,122.34
2359,2,Mumbai,Furnished,3,237.03
1201,5,Delhi,Unfurnished,1,134.88
890,4,Delhi,Unfurnished,2,85.75
1174,5,Delhi,Semi-Furnished,1,141.06
1669,1,Bangalore,Semi-Furnished,1,146.22
3023,5,Chennai,Unfurnished,2,184.21
496,5,Pune,Unfurnished,1,54.32
2447,5,Mumbai,Semi-Furnished,1,376.54
1924,3,Hyderabad,Semi-Furnished,3,92.44
2403,5,Chennai,Unfurnished,1,180.58
505,1,Mumbai,Furnished,3,60.96
590,1,Hyderabad,Furnished,2,41.81
2239,2,Bangalore,Semi-Furnished,2,161.82
1013,4,Hyderabad,Furnished,1,84.43
850,4,Chennai,Furnished,1,84.62
1499,2,Bangalore,Furnished,1,143.72
655,4,Chennai,Unfurnished,2,49.43
2190,3,Hyderabad,Semi-Furnished,1,155.39
901,2,Delhi,Semi-Furnished,2,87.44
1154,3,Chennai,Semi-Furnished,3,65.85
1597,5,Pune,Unfurnished,3,90.72
2126,2,Hyderabad,Semi-Furnished,1,148.11
1795,3,Mumbai,Semi-Furnished,3,183.85
2224,2,Mumbai,Semi-Furnished,3,225.51
1140,1,Mumbai,Semi-Furnished,2,144.03
2141,4,Delhi,Unfurnished,2,182.58
2164,5,Pune,Unfurnished,2,147.41
1054,4,Chennai,Furnished,2,83.3
2119,5,Delhi,Furnished,3,169.59
1237,1,Delhi,Furnished,2,114.38
1041,4,Bangalore,Semi-Furnished,1,110.17
2110,3,Bangalore,Furnished,1,204.14
1501,2,Delhi,Unfurnished,2,131.82
1970,1,Hyderabad,Unfurnished,1,135.37
3012,2,Mumbai,Unfurnished,2,349.27
2984,2,Pune,Unfurnished,2,190.39
1811,4,Pune,Unfurnished,3,103.7
1030,4,Hyderabad,Furnished,2,76.3
2690,1,Hyderabad,Unfurnished,3,117.14
1322,1,Chennai,Furnished,1,103.53
2328,2,Bangalore,Furnished,3,141.97
764,4,Bangalore,Semi-Furnished,3,59.27
2243,3,Pune,Furnished,3,124.33
1723,2,Bangalore,Semi-Furnished,3,104.13
2879,1,Chennai,Furnished,2,167.33
933,5,Delhi,Unfurnished,1,112.65
568,5,Bangalore,Semi-Furnished,2,62.07
1789,4,Mumbai,Unfurnished,2,237.0
1965,5,Pune,Unfurnished,3,111.61
1506,4,Pune,Furnished,3,98.47
2912,4,Bangalore,Semi-Furnished,2,217.49
2621,3,Pune,Semi-Furnished,3,136.55
1963,2,Hyderabad,Furnished,1,141.63
1472,5,Delhi,Semi-Furnished,3,117.78
494,5,Pune,Semi-Furnished,1,58.46
787,2,Mumbai,Unfurnished,1,126.53
3033,4,Pune,Furnished,3,166.02
2436,3,Chennai,Unfurnished,2,145.55
2485,3,Pune,Semi-Furnished,2,166.83
2229,2,Delhi,Unfurnished,2,190.12
1493,2,Hyderabad,Furnished,1,113.89
2615,1,Bangalore,Semi-Furnished,3,149.47
948,1,Mumbai,Furnished,1,156.78
2687,1,Bangalore,Semi-Furnished,3,155.92
509,3,Pune,Unfurnished,3,34.38
787,4,Chennai,Furnished,1,79.84
3009,1,Delhi,Semi-Furnished,2,250.89
2478,4,Delhi,Semi-Furnished,2,222.7
2745,3,Bangalore,Unfurnished,2,195.95
2235,3,Bangalore,Furnished,3,142.94
799,1,Chennai,Furnished,3,48.56
1046,3,Delhi,Furnished,3,89.12
893,4,Chennai,Furnished,1,85.75
1395,2,Delhi,Semi-Furnished,2,125.1
2400,5,Hyderabad,Semi-Furnished,1,178.22
1636,4,Hyderabad,Unfurnished,3,82.03
834,5,Chennai,Unfurnished,1,74.62
1706,3,Bangalore,Furnished,2,131.29
2020,5,Delhi,Unfurnished,2,185.07
729,5,Hyderabad,Semi-Furnished,2,60.93
1447,4,Pune,Semi-Furnished,1,124.08
695,2,Delhi,Semi-Furnished,1,84.59
2578,5,Chennai,Furnished,1,207.34
2250,3,Bangalore,Furnished,2,174.5
1656,4,Delhi,Unfurnished,3,122.49
1640,3,Mumbai,Furnished,3,176.34
2811,2,Pune,Semi-Furnished,3,143.65
686,4,Mumbai,Unfurnished,2,97.15
2367,5,Hyderabad,Semi-Furnished,1,172.37
1004,2,Delhi,Furnished,2,99.64
708,4,Hyderabad,Furnished,3,53.59
1897,2,Bangalore,Furnished,1,178.54
3132,4,Bangalore,Semi-Furnished,3,187.3
2473,4,Bangalore,Furnished,3,158.96
2543,3,Hyderabad,Semi-Furnished,1,178.69
2423,4,Hyderabad,Furnished,3,126.11
2611,2,Chennai,Semi-Furnished,3,123.29
1861,1,Delhi,Unfurnished,1,192.95
802,1,Hyderabad,Unfurnished,1,53.42
2759,3,Bangalore,Unfurnished,2,192.19
1688,5,Pune,Unfurnished,3,101.21
1825,1,Delhi,Semi-Furnished,1,198.05
1469,3,Chennai,Semi-Furnished,2,95.37
952,4,Chennai,Unfurnished,1,78.22
2998,2,Pune,Semi-Furnished,2,179.56
2599,4,Mumbai,Semi-Furnished,2,326.29
2220,2,Bangalore,Unfurnished,1,205.17
1556,5,Delhi,Semi-Furnished,3,124.65
2712,3,Chennai,Semi-Furnished,3,134.48
1949,3,Hyderabad,Semi-Furnished,3,96.47
1669,1,Chennai,Semi-Furnished,1,120.45
1688,3,Hyderabad,Furnished,1,128.45
1074,5,Chennai,Unfurnished,1,92.86
703,1,Chennai,Semi-Furnished,2,46.79
1975,4,Hyderabad,Semi-Furnished,1,148.69
2891,3,Mumbai,Unfurnished,3,290.02
625,4,Hyderabad,Furnished,3,49.65
2810,4,Pune,Unfurnished,3,146.83
2725,3,Delhi,Unfurnished,1,295.02
1211,2,Hyderabad,Furnished,1,97.8
2187,4,Mumbai,Furnished,3,228.43
904,1,Delhi,Furnished,1,103.29
2534,3,Bangalore,Furnished,2,196.94
2376,1,Hyderabad,Furnished,3,110.92
1424,4,Mumbai,Semi-Furnished,1,238.1
636,4,Pune,Furnished,1,70.07
3119,1,Pune,Unfurnished,1,244.33
1675,4,Bangalore,Semi-Furnished,1,160.8
2906,3,Delhi,Semi-Furnished,1,313.98
2314,4,Pune,Furnished,3,138.27
2590,1,Bangalore,Furnished,2,187.26
2539,1,Delhi,Semi-Furnished,3,170.78
985,3,Delhi,Semi-Furnished,3,78.41
1450,1,Mumbai,Unfurnished,3,143.99
1733,2,Hyderabad,Furnished,1,124.62
1818,4,Pune,Semi-Furnished,1,156.32
570,1,Pune,Semi-Furnished,3,34.48
1953,4,Hyderabad,Furnished,1,153.39
874,1,Pune,Semi-Furnished,1,69.55
2494,1,Delhi,Unfurnished,3,164.48
2328,3,Hyderabad,Unfurnished,3,103.72
2986,4,Chennai,Unfurnished,3,145.33
2498,1,Hyderabad,Furnished,3,116.99
1458,2,Chennai,Unfurnished,1,108.67
3110,5,Mumbai,Unfurnished,3,314.46
1579,5,Hyderabad,Semi-Furnished,3,86.91
1346,3,Delhi,Furnished,3,108.24
2940,3,Hyderabad,Semi-Furnished,3,134.04
1468,2,Pune,Furnished,3,87.69
659,4,Bangalore,Furnished,2,68.71
1741,3,Delhi,Unfurnished,1,190.41
2638,2,Chennai,Furnished,2,165.55
971,1,Chennai,Semi-Furnished,1,75.92
1723,1,Mumbai,Semi-Furnished,1,276.77
807,5,Mumbai,Unfurnished,1,138.31
2337,3,Pune,Semi-Furnished,3,125.9
1758,3,Chennai,Furnished,2,116.17
1358,3,Delhi,Semi-Furnished,2,123.26
1074,4,Hyderabad,Unfurnished,3,57.22
2002,1,Pune,Semi-Furnished,2,125.35
2291,1,Hyderabad,Furnished,2,131.45
3035,2,Bangalore,Furnished,1,275.81
1652,3,Chennai,Unfurnished,3,84.6
891,4,Bangalore,Furnished,2,82.31
2739,3,Chennai,Furnished,1,215.03
2181,3,Mumbai,Unfurnished,3,223.13
2375,5,Bangalore,Furnished,3,155.2
717,1,Mumbai,Semi-Furnished,1,113.55
1309,3,Pune,Semi-Furnished,1,113.91
2561,3,Chennai,Semi-Furnished,1,194.5
2738,3,Pune,Furnished,1,218.34
1646,5,Delhi,Furnished,1,194.95
2663,2,Delhi,Furnished,3,191.69
2764,5,Chennai,Furnished,2,178.02
1515,2,Pune,Furnished,3,89.06
2919,3,Bangalore,Unfurnished,3,164.37
1242,3,Mumbai,Unfurnished,2,163.8
1108,5,Hyderabad,Furnished,2,86.22
2326,3,Mumbai,Semi-Furnished,1,361.56
2201,2,Delhi,Unfurnished,1,234.29
834,1,Mumbai,Unfurnished,2,98.59
2740,2,Hyderabad,Semi-Furnished,1,184.73
999,5,Pune,Semi-Furnished,1,95.86
2663,1,Delhi,Unfurnished,1,270.53
470,5,Delhi,Unfurnished,3,49.02
2641,3,Bangalore,Unfurnished,2,197.68
2614,1,Mumbai,Semi-Furnished,3,252.36
2596,2,Pune,Unfurnished,2,160.03
2278,3,Bangalore,Semi-Furnished,1,209.11
1746,2,Bangalore,Semi-Furnished,2,133.91
2389,1,Bangalore,Semi-Furnished,1,205.42
1212,4,Delhi,Furnished,3,103.02
2597,4,Chennai,Semi-Furnished,1,207.07
1978,1,Delhi,Furnished,2,168.92
1712,2,Chennai,Furnished,3,90.32
1840,2,Delhi,Furnished,2,165.47
2014,4,Hyderabad,Furnished,2,126.4
552,4,Delhi,Semi-Furnished,2,64.29
834,4,Hyderabad,Semi-Furnished,3,52.95
1125,5,Mumbai,Unfurnished,1,179.64
764,4,Pune,Semi-Furnished,2,64.5
1658,2,Mumbai,Unfurnished,3,164.25
2288,1,Hyderabad,Furnished,2,134.83
2249,4,Bangalore,Furnished,2,173.72
1745,5,Chennai,Unfurnished,1,137.87
2801,5,Bangalore,Furnished,1,267.45
2004,2,Bangalore,Unfurnished,3,117.79
667,2,Delhi,Furnished,2,71.33
2553,1,Hyderabad,Unfurnished,1,163.73
2030,1,Delhi,Semi-Furnished,2,175.83
2195,3,Delhi,Semi-Furnished,2,190.47
2004,3,Pune,Furnished,2,140.4
1972,2,Hyderabad,Semi-Furnished,3,90.39
699,2,Hyderabad,Furnished,1,61.98
1987,5,Bangalore,Furnished,2,159.01
2636,3,Pune,Unfurnished,2,164.33
1285,5,Hyderabad,Furnished,3,81.1
2107,5,Mumbai,Furnished,1,344.21
534,2,Hyderabad,Semi-Furnished,1,45.15
1405,2,Pune,Furnished,2,103.21
1650,5,Hyderabad,Furnished,2,111.31
3152,4,Chennai,Furnished,3,164.32
1040,2,Hyderabad,Furnished,2,70.46
1210,4,Bangalore,Semi-Furnished,3,82.79
1573,3,Bangalore,Unfurnished,2,118.57
3179,5,Chennai,Furnished,1,246.37
2796,2,Hyderabad,Semi-Furnished,1,191.15
545,5,Mumbai,Semi-Furnished,3,75.83
1093,5,Pune,Unfurnished,1,97.4
2709,1,Pune,Unfurnished,3,127.09
610,1,Chennai,Unfurnished,1,47.69
2803,3,Chennai,Furnished,1,226.71
1223,1,Mumbai,Unfurnished,1,185.43
2973,2,Chennai,Unfurnished,2,166.77
1257,3,Bangalore,Furnished,2,104.32
1644,5,Delhi,Semi-Furnished,3,128.61
2270,5,Pune,Semi-Furnished,2,157.1
797,1,Chennai,Furnished,2,55.86
1981,5,Delhi,Semi-Furnished,2,186.07
1838,1,Chennai,Unfurnished,3,86.74
2605,4,Delhi,Furnished,2,229.54
3189,5,Pune,Unfurnished,1,260.26
2276,5,Hyderabad,Semi-Furnished,2,145.59
1575,2,Mumbai,Furnished,3,167.78
1567,5,Bangalore,Furnished,1,158.62
1599,1,Delhi,Semi-Furnished,3,112.08
2688,3,Bangalore,Furnished,2,204.77
1333,3,Bangalore,Semi-Furnished,2,101.5
909,2,Bangalore,Semi-Furnished,1,88.56
1369,1,Pune,Unfurnished,3,68.67
512,4,Pune,Semi-Furnished,1,58.48
741,2,Delhi,Semi-Furnished,1,86.65
697,4,Mumbai,Furnished,2,110.2
2571,3,Bangalore,Unfurnished,2,181.24
2436,2,Hyderabad,Furnished,2,144.35
2366,5,Hyderabad,Furnished,1,181.44
1720,1,Mumbai,Furnished,1,265.8
2421,4,Delhi,Semi-Furnished,1,267.1
893,4,Pune,Unfurnished,2,69.22
2926,2,Delhi,Unfurnished,2,245.33
1827,2,Hyderabad,Furnished,2,107.25
3029,1,Hyderabad,Furnished,2,169.95
868,5,Delhi,Semi-Furnished,3,77.03
1817,5,Hyderabad,Unfurnished,2,111.22
2364,2,Hyderabad,Unfurnished,2,129.72
1812,1,Mumbai,Semi-Furnished,2,217.27
1676,1,Delhi,Semi-Furnished,2,140.25
907,1,Chennai,Unfurnished,2,54.82
1497,5,Hyderabad,Furnished,1,122.51
1106,5,Delhi,Semi-Furnished,1,127.95
1279,1,Delhi,Unfurnished,3,88.77
2330,4,Chennai,Unfurnished,2,145.27
2183,1,Delhi,Semi-Furnished,2,183.84
2119,2,Bangalore,Furnished,1,190.95
1444,3,Delhi,Furnished,2,140.21
3089,4,Bangalore,Semi-Furnished,2,229.65
691,5,Chennai,Unfurnished,2,58.87
1392,1,Pune,Furnished,2,96.83
774,1,Chennai,Semi-Furnished,2,51.24
1382,2,Pune,Unfurnished,3,73.09
3095,2,Pune,Semi-Furnished,2,199.91
